<?xml version="1.0" encoding="UTF-8" ?>
<!DOCTYPE mapper PUBLIC "-//mybatis.org//DTD Mapper 3.0//EN" "http://mybatis.org/dtd/mybatis-3-mapper.dtd" >
<mapper namespace="com.cup.wang.airport.mapper.MenuRoleMapper" >
  <resultMap id="BaseResultMap" type="com.cup.wang.airport.model.MenuRole" >
    <id column="id" property="id" jdbcType="INTEGER" />
    <result column="mid" property="mid" jdbcType="INTEGER" />
    <result column="rid" property="rid" jdbcType="INTEGER" />
  </resultMap>
  <sql id="Base_Column_List" >
    id, mid, rid
  </sql>
  <delete id="deleteByRid">
    delete from menu_role where rid=#{rid}
  </delete>
  <insert id="insertRecord">
    insert into menu_role (mid,rid) values
    <foreach collection="mids" separator="," item="mid">
      (#{mid},#{rid})
    </foreach>
  </insert>
  <select id="selectByPrimaryKey" resultMap="BaseResultMap" parameterType="java.lang.Integer" >
    select 
    <include refid="Base_Column_List" />
    from menu_role
    where id = #{id,jdbcType=INTEGER}
  </select>
  <delete id="deleteByPrimaryKey" parameterType="java.lang.Integer" >
    delete from menu_role
    where id = #{id,jdbcType=INTEGER}
  </delete>
  <insert id="insert" parameterType="com.cup.wang.airport.model.MenuRole" >
    insert into menu_role (id, mid, rid)
    values (#{id,jdbcType=INTEGER}, #{mid,jdbcType=INTEGER}, #{rid,jdbcType=INTEGER})
  </insert>
  <insert id="insertSelective" parameterType="com.cup.wang.airport.model.MenuRole" >
    insert into menu_role
    <trim prefix="(" suffix=")" suffixOverrides="," >
      <if test="id != null" >
        id,
      </if>
      <if test="mid != null" >
        mid,
      </if>
      <if test="rid != null" >
        rid,
      </if>
    </trim>
    <trim prefix="values (" suffix=")" suffixOverrides="," >
      <if test="id != null" >
        #{id,jdbcType=INTEGER},
      </if>
      <if test="mid != null" >
        #{mid,jdbcType=INTEGER},
      </if>
      <if test="rid != null" >
        #{rid,jdbcType=INTEGER},
      </if>
    </trim>
  </insert>
  <update id="updateByPrimaryKeySelective" parameterType="com.cup.wang.airport.model.MenuRole" >
    update menu_role
    <set >
      <if test="mid != null" >
        mid = #{mid,jdbcType=INTEGER},
      </if>
      <if test="rid != null" >
        rid = #{rid,jdbcType=INTEGER},
      </if>
    </set>
    where id = #{id,jdbcType=INTEGER}
  </update>
  <update id="updateByPrimaryKey" parameterType="com.cup.wang.airport.model.MenuRole" >
    update menu_role
    set mid = #{mid,jdbcType=INTEGER},
      rid = #{rid,jdbcType=INTEGER}
    where id = #{id,jdbcType=INTEGER}
  </update>
</mapper>