<?xml version="1.0" encoding="UTF-8"?>
<!DOCTYPE mapper PUBLIC "-//mybatis.org//DTD Mapper 3.0//EN" "http://mybatis.org/dtd/mybatis-3-mapper.dtd">
<mapper namespace="com.cup.wang.airport.mapper.ProjectUnitMapper">
  <resultMap id="BaseResultMap" type="com.cup.wang.airport.model.ProjectUnit">
    <id column="id" jdbcType="INTEGER" property="id" />
    <result column="project_variable" jdbcType="VARCHAR" property="projectVariable" />
    <result column="variable_name" jdbcType="VARCHAR" property="variableName" />
    <result column="variable_unit_id" jdbcType="INTEGER" property="variableUnitId" />
    <result column="variable_unit_type" jdbcType="INTEGER" property="variableUnitType" />
    <result column="project_id" jdbcType="INTEGER" property="projectId" />
  </resultMap>
  <sql id="Base_Column_List">
    id, project_variable, variable_name, variable_unit_id, variable_unit_type, project_id
  </sql>
  <select id="selectByPrimaryKey" parameterType="java.lang.Integer" resultMap="BaseResultMap">
    select 
    <include refid="Base_Column_List" />
    from project_unit
    where id = #{id,jdbcType=INTEGER}
  </select>
    <select id="getProjectUnitByProjectId" parameterType="java.lang.Integer" resultMap="BaseResultMap">
        select
        <include refid="Base_Column_List" />
        from project_unit
        where project_id = #{id,jdbcType=INTEGER}
    </select>
    <delete id="deleteByPrimaryKey" parameterType="java.lang.Integer">
    delete from project_unit
    where id = #{id,jdbcType=INTEGER}
  </delete>
  <insert id="insert" parameterType="com.cup.wang.airport.model.ProjectUnit">
    insert into project_unit (id, project_variable, variable_name, 
      variable_unit_id, variable_unit_type, project_id
      )
    values (#{id,jdbcType=INTEGER}, #{projectVariable,jdbcType=VARCHAR}, #{variableName,jdbcType=VARCHAR}, 
      #{variableUnitId,jdbcType=INTEGER}, #{variableUnitType,jdbcType=INTEGER}, #{projectId,jdbcType=INTEGER}
      )
  </insert>
  <insert id="insertSelective" parameterType="com.cup.wang.airport.model.ProjectUnit">
    insert into project_unit
    <trim prefix="(" suffix=")" suffixOverrides=",">
      <if test="id != null">
        id,
      </if>
      <if test="projectVariable != null">
        project_variable,
      </if>
      <if test="variableName != null">
        variable_name,
      </if>
      <if test="variableUnitId != null">
        variable_unit_id,
      </if>
      <if test="variableUnitType != null">
        variable_unit_type,
      </if>
      <if test="projectId != null">
        project_id,
      </if>
    </trim>
    <trim prefix="values (" suffix=")" suffixOverrides=",">
      <if test="id != null">
        #{id,jdbcType=INTEGER},
      </if>
      <if test="projectVariable != null">
        #{projectVariable,jdbcType=VARCHAR},
      </if>
      <if test="variableName != null">
        #{variableName,jdbcType=VARCHAR},
      </if>
      <if test="variableUnitId != null">
        #{variableUnitId,jdbcType=INTEGER},
      </if>
      <if test="variableUnitType != null">
        #{variableUnitType,jdbcType=INTEGER},
      </if>
      <if test="projectId != null">
        #{projectId,jdbcType=INTEGER},
      </if>
    </trim>
  </insert>
  <update id="updateByPrimaryKeySelective" parameterType="com.cup.wang.airport.model.ProjectUnit">
    update project_unit
    <set>
      <if test="projectVariable != null">
        project_variable = #{projectVariable,jdbcType=VARCHAR},
      </if>
      <if test="variableName != null">
        variable_name = #{variableName,jdbcType=VARCHAR},
      </if>
      <if test="variableUnitId != null">
        variable_unit_id = #{variableUnitId,jdbcType=INTEGER},
      </if>
      <if test="variableUnitType != null">
        variable_unit_type = #{variableUnitType,jdbcType=INTEGER},
      </if>
      <if test="projectId != null">
        project_id = #{projectId,jdbcType=INTEGER},
      </if>
    </set>
    where id = #{id,jdbcType=INTEGER}
  </update>
  <update id="updateByPrimaryKey" parameterType="com.cup.wang.airport.model.ProjectUnit">
    update project_unit
    set project_variable = #{projectVariable,jdbcType=VARCHAR},
      variable_name = #{variableName,jdbcType=VARCHAR},
      variable_unit_id = #{variableUnitId,jdbcType=INTEGER},
      variable_unit_type = #{variableUnitType,jdbcType=INTEGER},
      project_id = #{projectId,jdbcType=INTEGER}
    where id = #{id,jdbcType=INTEGER}
  </update>
</mapper>