<?xml version="1.0" encoding="UTF-8"?>
<!DOCTYPE mapper PUBLIC "-//mybatis.org//DTD Mapper 3.0//EN" "http://mybatis.org/dtd/mybatis-3-mapper.dtd">
<mapper namespace="com.cup.wang.airport.mapper.ProjectListMapper">
  <resultMap id="BaseResultMap" type="com.cup.wang.airport.model.ProjectList">
    <id column="id" jdbcType="INTEGER" property="id" />
    <result column="name" jdbcType="VARCHAR" property="name" />
    <result column="create_date" jdbcType="TIMESTAMP" property="createDate" />
    <result column="change_date" jdbcType="TIMESTAMP" property="changeDate" />
    <result column="status" jdbcType="VARCHAR" property="status" />
    <result column="author" jdbcType="VARCHAR" property="author" />
    <result column="remarks" jdbcType="VARCHAR" property="remarks" />
  </resultMap>
  <sql id="Base_Column_List">
    id, name, create_date, change_date, status, author, remarks
  </sql>
    <select id="getAll" resultMap="BaseResultMap">
        select * from project_list;
    </select>
    <select id="getAllByPage" resultMap="BaseResultMap">
        select * from project_list
        <if test="keyword != null and keyword != '' ">
        where project_list.name like concat('%',#{keyword},'%')
        </if>
        limit #{page},#{size};
    </select>
    <select id="getTotal" resultType="java.lang.Long">
        select count(*) from project_list
        <if test="keyword != null and keyword != '' ">
            where project_list.name like concat('%',#{keyword},'%')
        </if>;
    </select>
  <select id="selectByPrimaryKey" parameterType="java.lang.Integer" resultMap="BaseResultMap">
    select 
    <include refid="Base_Column_List" />
    from project_list
    where id = #{id,jdbcType=INTEGER}
  </select>

    <delete id="deleteByPrimaryKey" parameterType="java.lang.Integer">
    delete from project_list
    where id = #{id,jdbcType=INTEGER}
  </delete>
  <insert id="insert" parameterType="com.cup.wang.airport.model.ProjectList">
    insert into project_list (id, name, create_date, 
      change_date, status, author, 
      remarks)
    values (#{id,jdbcType=INTEGER}, #{name,jdbcType=VARCHAR}, #{createDate,jdbcType=TIMESTAMP}, 
      #{changeDate,jdbcType=TIMESTAMP}, #{status,jdbcType=VARCHAR}, #{author,jdbcType=VARCHAR}, 
      #{remarks,jdbcType=VARCHAR})
  </insert>
  <insert id="insertSelective" parameterType="com.cup.wang.airport.model.ProjectList" useGeneratedKeys="true" keyProperty="id">
    insert into project_list
    <trim prefix="(" suffix=")" suffixOverrides=",">
      <if test="id != null">
        id,
      </if>
      <if test="name != null">
        name,
      </if>
      <if test="createDate != null">
        create_date,
      </if>
      <if test="changeDate != null">
        change_date,
      </if>
      <if test="status != null">
        status,
      </if>
      <if test="author != null">
        author,
      </if>
      <if test="remarks != null">
        remarks,
      </if>
    </trim>
    <trim prefix="values (" suffix=")" suffixOverrides=",">
      <if test="id != null">
        #{id,jdbcType=INTEGER},
      </if>
      <if test="name != null">
        #{name,jdbcType=VARCHAR},
      </if>
      <if test="createDate != null">
        #{createDate,jdbcType=TIMESTAMP},
      </if>
      <if test="changeDate != null">
        #{changeDate,jdbcType=TIMESTAMP},
      </if>
      <if test="status != null">
        #{status,jdbcType=VARCHAR},
      </if>
      <if test="author != null">
        #{author,jdbcType=VARCHAR},
      </if>
      <if test="remarks != null">
        #{remarks,jdbcType=VARCHAR},
      </if>
    </trim>
  </insert>
  <update id="updateByPrimaryKeySelective" parameterType="com.cup.wang.airport.model.ProjectList">
    update project_list
    <set>
      <if test="name != null">
        name = #{name,jdbcType=VARCHAR},
      </if>
      <if test="createDate != null">
        create_date = #{createDate,jdbcType=TIMESTAMP},
      </if>
      <if test="changeDate != null">
        change_date = #{changeDate,jdbcType=TIMESTAMP},
      </if>
      <if test="status != null">
        status = #{status,jdbcType=VARCHAR},
      </if>
      <if test="author != null">
        author = #{author,jdbcType=VARCHAR},
      </if>
      <if test="remarks != null">
        remarks = #{remarks,jdbcType=VARCHAR},
      </if>
    </set>
    where id = #{id,jdbcType=INTEGER}
  </update>
  <update id="updateByPrimaryKey" parameterType="com.cup.wang.airport.model.ProjectList">
    update project_list
    set name = #{name,jdbcType=VARCHAR},
      create_date = #{createDate,jdbcType=TIMESTAMP},
      change_date = #{changeDate,jdbcType=TIMESTAMP},
      status = #{status,jdbcType=VARCHAR},
      author = #{author,jdbcType=VARCHAR},
      remarks = #{remarks,jdbcType=VARCHAR}
    where id = #{id,jdbcType=INTEGER}
  </update>
</mapper>