<?xml version="1.0" encoding="UTF-8" ?>
<!DOCTYPE mapper PUBLIC "-//mybatis.org//DTD Mapper 3.0//EN" "http://mybatis.org/dtd/mybatis-3-mapper.dtd" >
<mapper namespace="com.cup.wang.airport.mapper.RoleMapper" >
  <resultMap id="BaseResultMap" type="com.cup.wang.airport.model.Role" >
    <id column="id" property="id" jdbcType="INTEGER" />
    <result column="name" property="name" jdbcType="VARCHAR" />
    <result column="nameZh" property="nameZh" jdbcType="VARCHAR" />
  </resultMap>
  <sql id="Base_Column_List" >
    id, name, nameZh
  </sql>
  <select id="getAllRoles" resultMap="BaseResultMap">
    select * from role;
  </select>
  <select id="selectByPrimaryKey" resultMap="BaseResultMap" parameterType="java.lang.Integer" >
    select
    <include refid="Base_Column_List" />
    from role
    where id = #{id,jdbcType=INTEGER}
  </select>
  <delete id="deleteByPrimaryKey" parameterType="java.lang.Integer" >
    delete from role
    where id = #{id,jdbcType=INTEGER}
  </delete>
  <insert id="insert" parameterType="com.cup.wang.airport.model.Role" >
    insert into role (id, name, nameZh
      )
    values (#{id,jdbcType=INTEGER}, #{name,jdbcType=VARCHAR}, #{nameZh,jdbcType=VARCHAR}
      )
  </insert>
  <insert id="insertSelective" parameterType="com.cup.wang.airport.model.Role" >
    insert into role
    <trim prefix="(" suffix=")" suffixOverrides="," >
      <if test="id != null" >
        id,
      </if>
      <if test="name != null" >
        name,
      </if>
      <if test="nameZh != null" >
        nameZh,
      </if>
    </trim>
    <trim prefix="values (" suffix=")" suffixOverrides="," >
      <if test="id != null" >
        #{id,jdbcType=INTEGER},
      </if>
      <if test="name != null" >
        #{name,jdbcType=VARCHAR},
      </if>
      <if test="nameZh != null" >
        #{nameZh,jdbcType=VARCHAR},
      </if>
    </trim>
  </insert>
  <update id="updateByPrimaryKeySelective" parameterType="com.cup.wang.airport.model.Role" >
    update role
    <set >
      <if test="name != null" >
        name = #{name,jdbcType=VARCHAR},
      </if>
      <if test="nameZh != null" >
        nameZh = #{nameZh,jdbcType=VARCHAR},
      </if>
    </set>
    where id = #{id,jdbcType=INTEGER}
  </update>
  <update id="updateByPrimaryKey" parameterType="com.cup.wang.airport.model.Role" >
    update role
    set name = #{name,jdbcType=VARCHAR},
      nameZh = #{nameZh,jdbcType=VARCHAR}
    where id = #{id,jdbcType=INTEGER}
  </update>
</mapper>