<?xml version="1.0" encoding="UTF-8"?>
<!DOCTYPE mapper PUBLIC "-//mybatis.org//DTD Mapper 3.0//EN" "http://mybatis.org/dtd/mybatis-3-mapper.dtd">
<mapper namespace="com.cup.wang.airport.mapper.SettingsDataTypeValueChildrenMapper">
  <resultMap id="BaseResultMap" type="com.cup.wang.airport.model.SettingsDataTypeValueChildren">
    <id column="id" jdbcType="INTEGER" property="id" />
    <result column="name" jdbcType="VARCHAR" property="name" />
    <result column="variable_name" jdbcType="VARCHAR" property="variableName" />
    <result column="type" jdbcType="VARCHAR" property="type" />
    <result column="value_id" jdbcType="INTEGER" property="valueId" />
  </resultMap>
  <sql id="Base_Column_List">
    id, name, variable_name, type, value_id
  </sql>
  <select id="selectByPrimaryKey" parameterType="java.lang.Integer" resultMap="BaseResultMap">
    select 
    <include refid="Base_Column_List" />
    from settings_data_type_value_children
    where id = #{id,jdbcType=INTEGER}
  </select>
  <delete id="deleteByPrimaryKey" parameterType="java.lang.Integer">
    delete from settings_data_type_value_children
    where id = #{id,jdbcType=INTEGER}
  </delete>
  <insert id="insert" parameterType="com.cup.wang.airport.model.SettingsDataTypeValueChildren">
    insert into settings_data_type_value_children (id, name, variable_name, 
      type, value_id)
    values (#{id,jdbcType=INTEGER}, #{name,jdbcType=VARCHAR}, #{variableName,jdbcType=VARCHAR}, 
      #{type,jdbcType=VARCHAR}, #{valueId,jdbcType=INTEGER})
  </insert>
  <insert id="insertSelective" parameterType="com.cup.wang.airport.model.SettingsDataTypeValueChildren">
    insert into settings_data_type_value_children
    <trim prefix="(" suffix=")" suffixOverrides=",">
      <if test="id != null">
        id,
      </if>
      <if test="name != null">
        name,
      </if>
      <if test="variableName != null">
        variable_name,
      </if>
      <if test="type != null">
        type,
      </if>
      <if test="valueId != null">
        value_id,
      </if>
    </trim>
    <trim prefix="values (" suffix=")" suffixOverrides=",">
      <if test="id != null">
        #{id,jdbcType=INTEGER},
      </if>
      <if test="name != null">
        #{name,jdbcType=VARCHAR},
      </if>
      <if test="variableName != null">
        #{variableName,jdbcType=VARCHAR},
      </if>
      <if test="type != null">
        #{type,jdbcType=VARCHAR},
      </if>
      <if test="valueId != null">
        #{valueId,jdbcType=INTEGER},
      </if>
    </trim>
  </insert>
  <update id="updateByPrimaryKeySelective" parameterType="com.cup.wang.airport.model.SettingsDataTypeValueChildren">
    update settings_data_type_value_children
    <set>
      <if test="name != null">
        name = #{name,jdbcType=VARCHAR},
      </if>
      <if test="variableName != null">
        variable_name = #{variableName,jdbcType=VARCHAR},
      </if>
      <if test="type != null">
        type = #{type,jdbcType=VARCHAR},
      </if>
      <if test="valueId != null">
        value_id = #{valueId,jdbcType=INTEGER},
      </if>
    </set>
    where id = #{id,jdbcType=INTEGER}
  </update>
  <update id="updateByPrimaryKey" parameterType="com.cup.wang.airport.model.SettingsDataTypeValueChildren">
    update settings_data_type_value_children
    set name = #{name,jdbcType=VARCHAR},
      variable_name = #{variableName,jdbcType=VARCHAR},
      type = #{type,jdbcType=VARCHAR},
      value_id = #{valueId,jdbcType=INTEGER}
    where id = #{id,jdbcType=INTEGER}
  </update>
</mapper>