<?xml version="1.0" encoding="UTF-8"?>
<!DOCTYPE mapper PUBLIC "-//mybatis.org//DTD Mapper 3.0//EN" "http://mybatis.org/dtd/mybatis-3-mapper.dtd">
<mapper namespace="com.cup.wang.airport.mapper.SettingsDataTypeMapper">
  <resultMap id="BaseResultMap" type="com.cup.wang.airport.model.SettingsDataType">
    <id column="id" jdbcType="INTEGER" property="id" />
    <result column="name" jdbcType="VARCHAR" property="name" />
    <result column="data_id" jdbcType="INTEGER" property="dataId" />
  </resultMap>
  <sql id="Base_Column_List">
    id, name, data_id
  </sql>
  <select id="selectByPrimaryKey" parameterType="java.lang.Integer" resultMap="BaseResultMap">
    select 
    <include refid="Base_Column_List" />
    from settings_data_type
    where id = #{id,jdbcType=INTEGER}
  </select>
  <delete id="deleteByPrimaryKey" parameterType="java.lang.Integer">
    delete from settings_data_type
    where id = #{id,jdbcType=INTEGER}
  </delete>
  <insert id="insert" parameterType="com.cup.wang.airport.model.SettingsDataType">
    insert into settings_data_type (id, name, data_id
      )
    values (#{id,jdbcType=INTEGER}, #{name,jdbcType=VARCHAR}, #{dataId,jdbcType=INTEGER}
      )
  </insert>
  <insert id="insertSelective" parameterType="com.cup.wang.airport.model.SettingsDataType">
    insert into settings_data_type
    <trim prefix="(" suffix=")" suffixOverrides=",">
      <if test="id != null">
        id,
      </if>
      <if test="name != null">
        name,
      </if>
      <if test="dataId != null">
        data_id,
      </if>
    </trim>
    <trim prefix="values (" suffix=")" suffixOverrides=",">
      <if test="id != null">
        #{id,jdbcType=INTEGER},
      </if>
      <if test="name != null">
        #{name,jdbcType=VARCHAR},
      </if>
      <if test="dataId != null">
        #{dataId,jdbcType=INTEGER},
      </if>
    </trim>
  </insert>
  <update id="updateByPrimaryKeySelective" parameterType="com.cup.wang.airport.model.SettingsDataType">
    update settings_data_type
    <set>
      <if test="name != null">
        name = #{name,jdbcType=VARCHAR},
      </if>
      <if test="dataId != null">
        data_id = #{dataId,jdbcType=INTEGER},
      </if>
    </set>
    where id = #{id,jdbcType=INTEGER}
  </update>
  <update id="updateByPrimaryKey" parameterType="com.cup.wang.airport.model.SettingsDataType">
    update settings_data_type
    set name = #{name,jdbcType=VARCHAR},
      data_id = #{dataId,jdbcType=INTEGER}
    where id = #{id,jdbcType=INTEGER}
  </update>
</mapper>