<?xml version="1.0" encoding="UTF-8"?>
<!DOCTYPE mapper PUBLIC "-//mybatis.org//DTD Mapper 3.0//EN" "http://mybatis.org/dtd/mybatis-3-mapper.dtd">
<mapper namespace="com.cup.wang.airport.mapper.SettingsDataTypeValueMapper">
  <resultMap id="BaseResultMap" type="com.cup.wang.airport.model.SettingsDataTypeValue">
    <id column="id" jdbcType="INTEGER" property="id" />
    <result column="value" jdbcType="VARCHAR" property="value" />
    <result column="label" jdbcType="VARCHAR" property="label" />
    <result column="type_id" jdbcType="INTEGER" property="typeId" />
  </resultMap>
  <sql id="Base_Column_List">
    id, value, label, type_id
  </sql>
  <select id="selectByPrimaryKey" parameterType="java.lang.Integer" resultMap="BaseResultMap">
    select 
    <include refid="Base_Column_List" />
    from settings_data_type_value
    where id = #{id,jdbcType=INTEGER}
  </select>
  <delete id="deleteByPrimaryKey" parameterType="java.lang.Integer">
    delete from settings_data_type_value
    where id = #{id,jdbcType=INTEGER}
  </delete>
  <insert id="insert" parameterType="com.cup.wang.airport.model.SettingsDataTypeValue">
    insert into settings_data_type_value (id, value, label, 
      type_id)
    values (#{id,jdbcType=INTEGER}, #{value,jdbcType=VARCHAR}, #{label,jdbcType=VARCHAR}, 
      #{typeId,jdbcType=INTEGER})
  </insert>
  <insert id="insertSelective" parameterType="com.cup.wang.airport.model.SettingsDataTypeValue">
    insert into settings_data_type_value
    <trim prefix="(" suffix=")" suffixOverrides=",">
      <if test="id != null">
        id,
      </if>
      <if test="value != null">
        value,
      </if>
      <if test="label != null">
        label,
      </if>
      <if test="typeId != null">
        type_id,
      </if>
    </trim>
    <trim prefix="values (" suffix=")" suffixOverrides=",">
      <if test="id != null">
        #{id,jdbcType=INTEGER},
      </if>
      <if test="value != null">
        #{value,jdbcType=VARCHAR},
      </if>
      <if test="label != null">
        #{label,jdbcType=VARCHAR},
      </if>
      <if test="typeId != null">
        #{typeId,jdbcType=INTEGER},
      </if>
    </trim>
  </insert>
  <update id="updateByPrimaryKeySelective" parameterType="com.cup.wang.airport.model.SettingsDataTypeValue">
    update settings_data_type_value
    <set>
      <if test="value != null">
        value = #{value,jdbcType=VARCHAR},
      </if>
      <if test="label != null">
        label = #{label,jdbcType=VARCHAR},
      </if>
      <if test="typeId != null">
        type_id = #{typeId,jdbcType=INTEGER},
      </if>
    </set>
    where id = #{id,jdbcType=INTEGER}
  </update>
  <update id="updateByPrimaryKey" parameterType="com.cup.wang.airport.model.SettingsDataTypeValue">
    update settings_data_type_value
    set value = #{value,jdbcType=VARCHAR},
      label = #{label,jdbcType=VARCHAR},
      type_id = #{typeId,jdbcType=INTEGER}
    where id = #{id,jdbcType=INTEGER}
  </update>
</mapper>